filename,name,birth_date,address
"image_001.jpg,HAMZAH BIN KAMMAPU,1965-02-11,""PT 1160 P, JALAN KENANGA, 20400 KUALA TERENGGANU, TERENGGANU"""
"image_002.jpg,RAZALI BIN AHMAD,1959-02-24,""167, KAMPUNG BANGGOL AIR LILEH, BATU ENAM, 21200 KUALA TERENGGANU, TERENGGANU"""
"image_003.jpg,NOR ATHIRAH NAJWA BINTI RAZALI,2000-12-30,""167, KAMPUNG BANGGOL AIR LILEH, BATU 6, 21200 KUALA TERENGGANU, TERENGGANU"""
"image_004.jpg,SAFURA BINTI ABDUL KHALIM,1982-07-27,""106 JALAN PERTIWI, TAMAN MALURI, 55100 KUALA LUMPUR, W. PERSEKUTUAN(KL)"""
"image_005.jpg,SAFURA BINTI ABDUL KHALIM,1982-07-27,""106 JALAN PERTIWI, TAMAN MALURI, 55100 KUALA LUMPUR, W. PERSEKUTUAN(KL)"""
"image_006.jpg,MUHAMAD ZAMRI BIN SHAFEE,1986-06-13,""MARKAS TENTERA DARAT CAWANGAN SUMBER MANUSIA KEMENTAH JALAN PADANG TEMBAK, 50634 KUALA LUMPUR, W. PERSEKUTUAN(KL)"""
"image_007.jpg,MOHAMAD FADZALIISAM BIN ITHNIN,1979-07-19,""K-G-16 JALAN 2/6, TAMAN SETAPAK INDAH, 53300 KUALA LUMPUR, W. PERSEKUTUAN(KL)"""
"image_008.jpg,MOHAMAD ADAM HARRIS BIN MOHAMAD FADZALIISAM,2016-04-07,""BLOK E5-1-1, TAMAN MELATI, SETAPAK, 53100 KUALA LUMPUR, W.PERSEKUTUAN (KL)"""
"image_009.jpg,AFFANDY BIN OTHMAN,1981-09-19,""NO 1592, JALAN SIRAM, 12100 BUTTERWORTH, PULAU PINANG"""
"image_010.jpg,FATIN NUR NAJWA BINTI FAMY,2000-08-12,""NO 29 JALAN PLATINUM 7/50, SEKSYEN 7, 40000 SHAH ALAM, SELANGOR"""
"image_011.jpg,AIZUL AZLEE BIN AHMAD THAHIMI,1979-05-05,""NO 116, PERLOP 2, LASAH, 31110 SG SIPUT (U), PERAK"""
"image_012.jpg,ROSLINDA BINTI NAYAN,1977-12-31,""NO 40, JALAN WARISAN INDAH 8/2, KOTA WARISAN, 43900 SEPANG, SELANGOR"""
"image_013.jpg,MUHAMMAD ARIF FAHMI BIN RAZALE,1999-07-31,""BATU 3 1/2, KAMPUNG PADANG POKOK MANGGA, 76260 MELAKA, MELAKA"""
"image_014.jpg,TUNG KEAN HONG,1987-05-04,""136, JALAN INDAH 4, TAMAN PERAK INDAH, 31900 KAMPAR, PERAK"""
"image_015.jpg,MUHAMMAD MUZAKKIR BIN NOR HAZALI,2005-09-05,""NO 28, JALAN BACHANG BARU 8, TAMAN BACHANG, 76360 MELAKA, MELAKA"""
"image_016.jpg,ALIF FITRI BIN TARMIZI,1997-10-28,""NO 135 LORONG 4, TAMAN BANDAR BARU PKNK, 08000 SUNGAI PETANI, KEDAH"""
"image_017.jpg,NURUL SYUHADA BINTI MD BAKRI,1992-04-28,""LOT 3476 A-4, LORONG BUNGA TANJUNG, KG MELAYU SUBANG, 40150 SHAH ALAM, SELANGOR"""
"image_018.jpg,NORHAYATI BINTI YUSOFF,1965-10-01,""NO 43, LORONG SERI EMAS 8, TAMAN SERI EMAS, 14300 NIBONG TEBAL, PULAU PINANG"""
"image_019.jpg,MOHD SANI BIN HAMZAH,1960-06-23,""NO 43, LORONG SERI EMAS 8, TAMAN SERI EMAS, 14300 NIBONG TEBAL, PULAU PINANG"""
"image_020.jpg,JERON SIN ZHENG RONG,2005-02-11,""NO 874, LORONG SELASIH 7A/4, TAMAN SELASIH, 09000 KULIM, KEDAH"""
"image_021.jpg,AHMAD BASHRI BIN MOHAMAD RAZALI,1949-09-06,""NO 32 B, KG BUKIT, 44200 RASA, SELANGOR"""
"image_022.jpg,MUHAMMAD RUSLAN BIN ROSLI,1994-04-23,""K1-5-501, PANGSAPURI SRI MERANTI, BANDAR SRI DAMANSARA, 52200 KUALA LUMPUR, W. PERSEKUTUAN(KL)"""
"image_023.jpg,SANTHY A/P KRISHNAN,1963-10-21,""83 JALAN AWAN KECIL 4, OVERSEAS UNION GARDEN, 68200 KUALA LUMPUR, W. PERSEKUTUAN(KL)"""
"image_024.jpg,NORDIANA BINTI SARDANI,2004-11-30,""TL 45 KAMPUNG PARIT PULAI, MUKIM 18 PARIT SULONG, 83500 BATU PAHAT, JOHOR"""
"image_025.jpg,AHMAD SHAHINI BIN ISMAIL,1973-11-21,""H 128, KAMPUNG RAGA, 06900 YAN, KEDAH"""
"image_026.jpg,SATHIESWARAN A/L YOGASUNDRAM,2003-01-10,""NO 19, JALAN RAWA 6, TAMAN PERLING, 81200 JOHOR BAHRU, JOHOR"""
"image_027.jpg,IRWAN SHAHRANI BIN HASSAN,1977-09-09,""A3-02 PANGSAPURI CASMARIA, TAMAN SAMUDERA, 68100 BATU CAVES, SELANGOR"""
"image_028.jpg,NOR HAZAWATI BINTI BUJANG,1979-02-12,""KAMPUNG SEKAAN, 96250 MATU, SARAWAK"""
"image_029.jpg,ROSLY BIN MOHD ZAIN,1945-05-08,""NO 11, JALAN SG 1/28, TAMAN SRI GOMBAK, 68100 BATU CAVES, SELANGOR"""
"image_030.jpg,CHOOI YONG XUAN,2006-09-25,""NO 8, JALAN PENGKALAN BARAT 18, TAMAN PUTERI LINDUNGAN BINTANG, 31650 IPOH, PERAK"""
"image_031.jpg,HAIROL BIN SAILI,1984-01-10,""NO 140 KAMPUNG SUNGEI, BEDIL BESAR, PETRA JAYA, 93050 KUCHING, SARAWAK"""
"image_032.jpg,KHADIJAH BINTI ABD RAHMAN,1984-09-30,""NO 916, JALAN BUTTERWORTH, 13200 KEPALA BATAS, PULAU PINANG"""
"image_033.jpg,NUR LIYANA AFIQAH BINTI AHMED MASHOOR,2002-02-21,""18-5-2, PERSIARAN MAYANG PASIR 5, BANDAR BAYAN BARU, 11960 BAYAN LEPAS, PULAU PINANG"""
"image_034.jpg,TIVAGAR A/L M ARUMUGAM,1985-07-29,""NO 23 JALAN MURNI 1, TAMAN MURNI, 43900 SEPANG, SELANGOR"""
"image_035.jpg,AHMAD HAZIM BIN AMZAH,1986-07-28,""NO 2036, JALAN MANGGIS, KAMPUNG PERTANIAN, 81000 KULAI, JOHOR"""
"image_036.jpg,NUR AWATIF FATINI BINTI MOHMAD HAFIZ,2015-12-01,""NO 235, JALAN GAYA 6, TAMAN SALENG GAYA, 81400 SENAI, JOHOR"""
"image_037.jpg,MOHMAD HAFIZ BIN SOHAIMI,1982-11-17,""NO 235, JALAN GAYA 6, TAMAN SALENG GAYA, 81400 SENAI, JOHOR"""
"image_038.jpg,MOHAMAD HELMI BIN HASHIM,1985-01-14,""F 363, JALAN TERUSAN, SIMPANG LIMA, 34200 PARIT BUNTAR, PERAK"""
"image_039.jpg,SARVITHRA RAO A/L KRISHNAMURTHY,1981-07-20,""KAMPUNG BATU BUNGAN, MULU, 98070 MIRI, SARAWAK"""
"image_040.jpg,SARVITHRA RAO A/L KRISHNAMURTHY,1981-07-20,""KAMPUNG BATU BUNGAN, MULU, 98070 MIRI, SARAWAK"""
"image_041.jpg,MUHAMMAD AIZAM MUQRISH BIN MUHAMMAD NOOR AZAM,2002-09-17,""LOT 21, KAMPUNG PADANG SELISING, 18500 MACHANG, KELANTAN"""
"image_042.jpg,MOHD SOLLAHHUDDAIM BIN MOHD RAFI,1992-04-08,""NO 19A, KAMPUNG CENDERING PANDAN 2, JALAN GAMBANG, 25150 KUANTAN, PAHANG"""
"image_043.jpg,ROZAIMA BINTI CHE ZAKARIA,1981-12-09,""LOT PT 7865, JALAN SUNGAI BUAYA, 23000 DUNGUN, TERENGGANU"""
"image_044.jpg,MOHD HAFIZ HILMI BIN AHMAD,1986-06-24,""NO 31, KAMPUNG BATU 23, 21700 KUALA BERANG, TERENGGANU"""
"image_045.jpg,MUHAMMAD AFIQ AIMAN BIN MD NAIN @ MD NAIM,2011-02-18,""RUMAH JKKK, KAMPUNG CHABANG, KERTEH, 24300 KEMAMAN, TERENGGANU"""
"image_046.jpg,MUHAMMAD ASYRAF ADAM BIN MOHD HAFIZ HILMI,2015-12-24,""NO 5 A, KAMPUNG PADANG SEKOLAH, KEMASEK, 24200 KEMAMAN, TERENGGANU"""
"image_047.jpg,MUHAMMAD AFIQ AIMAN BIN MD NAIN @ MD NAIM,2011-02-18,""RUMAH JKKK, KAMPUNG CHABANG, KERTEH, 24300 KEMAMAN, TERENGGANU"""
"image_048.jpg,MOHAMMAD YUSRAN BIN AHMAD,1982-10-23,""NO 162, KAMPUNG BARU, KUALA ABANG, 23050 DUNGUN, TERENGGANU"""
"image_049.jpg,ZULAZHAN BIN CHE HARON,1983-07-26,""LOT 1778, KAMPUNG RAHMAT, 18000 KUALA KRAI, KELANTAN"""
"image_050.jpg,KAMILAH BINTI ABDUL RAHMAN,1980-08-27,""1777-B, LORONG PAK DIR, JALAN BAYAM, 15200 KOTA BHARU, KELANTAN"""
"image_051.jpg,NURIN KHAIRINA BINTI SHAMSUMAHADI,2008-04-17,""LOT 1777-B, LORONG PAK DIR, JALAN BAYAM, 15200 KOTA BHARU, KELANTAN"""
"image_052.jpg,NURIN BATRISYIA BINTI SHAMSUMAHADI,2016-02-11,""LOT 1777-B, LORONG PAK DIR, JALAN BAYAM, 15200 KOTA BHARU, KELANTAN"""
"image_053.jpg,SITI NORISA HASMAT BINTI MUHAMED,1985-12-22,""KAMPUNG BATU GARAM, IPOH, 17500 TANAH MERAH, KELANTAN"""
"image_054.jpg,ADAM DANIEL BIN MD.ZAIDI,2002-02-20,""NO 53, JALAN PERAK 7, TAMAN SRI SKUDAI, 81300 SKUDAI, JOHOR"""
"image_055.jpg,AHMAD SHUKRI BIN NORDIN,1982-03-15,""NO 217 SEKSYEN 3, LORONG DATOK NIK JAAFAR, KUBANG PASU, 15300 KOTA BHARU, KELANTAN"""
"image_056.jpg,GRACE LEE SHI JIA,2002-03-23,""48 JALAN TROPICANA HEIGHTS 2/2, PARKFIELD RESIDENCES, TROPICANA HEIGHTS, 43000 KAJANG, SELANGOR"""
"image_057.jpg,YUSOFF BIN DOLLAH,1967-06-10,""KAMPUNG JEJABI, BANGGU, 16150 KOTA BHARU, KELANTAN"""
"image_058.jpg,AFFIQ DAMSYEK BIN AZMI,2002-06-06,""KAMPUNG TALAK, CHABANG EMPAT, 16210 TUMPAT, KELANTAN"""
"image_059.jpg,MUHAMMAD ROZAISYAM HAKIM BIN RAMZI,2001-09-29,""NO 496, FELDA CHINI 2, 26690 PEKAN, PAHANG"""
"image_060.jpg,NOOR SHAHIDATUL AKMA BINTI SELAMAT,2006-06-23,""KM 30 PARIT SIDANG SEMAN, BENTENG, 77400 SUNGAI RAMBAI, MELAKA"""
"image_061.jpg,AIMAN RUSYDI BIN MUHIDDIN,2009-01-04,""JA 7070 KM 38, KAMPUNG CHENDERAH, 77100 JASIN, MELAKA"""
"image_062.jpg,NUR AIN NATASYA BINTI SHAMBUL,2008-06-01,""KM 32, PARIT SIDANG SEMAN, BENTENG, 77400 SUNGAI RAMBAI, MELAKA"""
"image_063.jpg,MUHAMMAD FIRDAUS BIN MD AKHIR,2004-09-19,""F 39, TEBOK HAJI MUSA, TITI SERONG, 34200 PARIT BUNTAR, PERAK"""
"image_064.jpg,AFIZAN BIN ZAINAL ABIDIN,1984-05-06,""POS 114, LORONG HAJI TAHAR, KAMPUNG PASIR LEBAR TIMUR, 83200 SENGGARANG, JOHOR"""
"image_065.jpg,NUR SURIATI BINTI JAMALUDIN,1997-12-18,""KAMPUNG PARIT JABAR, MUKIM 9, 83200 SENGGARANG, JOHOR"""
"image_066.jpg,YEAP AH KAU,1965-06-30,""27 JALAN 18, TAMAN POKOK MANGGA, FASA 2, 76250 MELAKA, MELAKA"""
"image_067.jpg,MOHD SHAHRUM RISMAN BIN IDRIS,1983-03-06,""NO 122, TAMAN MAHSURI FASA 2 A, BANDAR DARULAMAN, 06000 JITRA, KEDAH"""
"image_068.jpg,MOHD ASWARDI BIN AHMAD,1982-10-22,""KAMPUNG PULAU TEMBUN, SUNGAI LIMAU DALAM, 06910 YAN, KEDAH"""
"image_069.jpg,AZNAN BIN CHE MAT,1968-01-28,""F 478, KAMPUNG PERMATANG NYIOR, 08500 KOTA KUALA MUDA, KEDAH"""
"image_070.jpg,HASNAH BINTI HAJI TAMIN,1970-01-23,""315 PERMATANG DAMAR LAUT, 11960 BAYAN LEPAS, PULAU PINANG"""
"image_071.jpg,IKRAM ABADI BIN ZAINAL ABIDIN,1986-04-01,""12 GERBANG SG ARA EMPAT, DESA ARA, SG ARA, 11900 BAYAN LEPAS, PULAU PINANG"""
"image_072.jpg,MOHAMMAD AIDEL WAFIE BIN MOHAMMAD REEZALL,2000-01-31,""NO 17, LALUAN PENGKALAN TIMUR 2, DESA PAKATAN, 31650 IPOH, PERAK"""
"image_073.jpg,CHEAH CHEE KHEONG,1958-01-07,""NO 29, PERSIARAN RAPAT BARU 16, TAMAN LAPANGAN PERMAI, 31350 IPOH, PERAK"""
"image_074.jpg,TUAN NORHANI BINTI TUAN MUSA,1961-07-16,""LOT 3538, JALAN TCU 3, TAMAN CHENDERING UTAMA, 21080 KUALA TERENGGANU, TERENGGANU"""
"image_075.jpg,MOHD SHAHRIMAN BIN ADENAN,1980-02-27,""B-9-8 KRISTAL HEIGHTS, JALAN KRISTAL 7/70, SEKSYEN 7, 40000 SHAH ALAM, SELANGOR"""
"image_076.jpg,MOHD SAHIR BIN YAACUB,1975-05-08,""BATU 18, 84060 AYER HITAM, JOHOR"""
"image_077.jpg,MUHAMMAD ARIFF IMAN BIN MOIDEEN,2001-11-27,""PTD 25374, JALAN KIARA 6, KG DATO ABD RAHMAN YASSIN, 86000 KLUANG, JOHOR"""
"image_078.jpg,HAFIZUDDIN BIN ZAINAL ABIDIN,1967-10-04,""NO 20, JALAN SASTERA LIMA U2/1E, TAMAN TTDI JAYA, 40150 SHAH ALAM, SELANGOR"""
"image_079.jpg,MUHAMMAD NAZMI BIN HASHIM,2000-09-08,""B8-2-12, NILAI PERDANA APARTMENT, TAMAN NILAI PERDANA, 71800 NILAI, NEGERI SEMBILAN"""
image_080.jpg,NURFAZIRAH BINTI ISA,1994-07-07,BARU DANG ANAH
"image_081.jpg,MUHAMMAD ZAMARUL HAIRI BIN MOHAMAD ZAHARI,2000-01-31,""LOT 160, KAMPUNG GUNUNG RENG, BATU MELINTANG, 17600 JELI, KELANTAN"""
"image_082.jpg,WAN DANIEL FARISH BIN WAN SHARMIZAN,2009-05-23,""LOT 77, KAMPUNG DUSUN LANGGAR, 16250 WAKAF BHARU, KELANTAN"""
"image_083.jpg,NOR FARAH EMI BINTI MANGHTAB,1987-10-20,""LOT 77, KAMPUNG DUSUN LANGGAR, 16250 WAKAF BHARU, KELANTAN"""
"image_084.jpg,AHMAD LUPSIE B ABDUL INSAN @ ABDUL IHSAN,1993-11-30,""17 R, RUMAH MURAH KOS 2, JALAN MERBOK, 23000 DUNGUN, TERENGGANU"""
"image_085.jpg,SULAIMAN,1973-07-01,""NO 48, JALAN KERIS ALANG, TAMAN PASIFIK SELATAN, 83000 BATU PAHAT, JOHOR"""
"image_086.jpg,JEYA A/L SUBRAMANIAM,1979-05-28,""C2/12 BLK C RUMAH PANGSA, SRI BUKIT MEWAH, TAMAN BUKIT MEWAH, 43000 KAJANG, SELANGOR"""
"image_087.jpg,LEE TOO CHENG,1971-12-25,""NO 14, JALAN ROS 2, TAMAN ROS, 83000 BATU PAHAT, JOHOR"""
"image_088.jpg,ONG CHIEW SOON,1977-05-24,""LOT 6357, BATU 12 JALAN HUTAN MELINTANG, 36400 HUTAN MELINTANG, PERAK"""
"image_089.jpg,PARVINRAAJ A/L S.GANESEN,2000-11-28,""NO 5, LORONG SERI BISTARI 3, TAMAN SERI BISTARI, 14300 NIBONG TEBAL, PULAU PINANG"""
"image_090.jpg,TAN CHEE BOON,1963-11-15,""NO 58, JALAN KENARI INDAH 3, TAMAN KENARI INDAH, 08000 SUNGAI PETANI, KEDAH"""
"image_091.jpg,SUKIEN YONG KIU CHIN,2003-02-13,""NO 81 LOT 1923, TAMAN SEPAKAT JAYA II, JALAN DEMAK LAUT, 93050 KUCHING, SARAWAK"""
"image_092.jpg,SITI HAZIRAH BINTI SWITO,1987-06-08,""8-6-6 PUNCAK PRIMA CONDO, JALAN SRI HARTAMAS 1, SRI HARTAMAS, 50480 KUALA LUMPUR, W. PERSEKUTUAN(KL)"""
"image_093.jpg,MOHAMAD AZRIZAD BIN MOHAMAD SALLEH,1990-08-16,""NO 4, KAMPUNG PARIT PULAI, MUKIM 18, 83500 PARIT SULONG, JOHOR"""
"image_094.jpg,MUHAMMAD RUSYDAN BIN AZLAN,2000-10-20,""LOT 6977 LORONG JALAK, BATU 9 KEBUN BAHARU, 42500 TELOK PANGLIMA GARANG, SELANGOR"""
"image_095.jpg,CHAN AIF,1951-05-01,""NO 105, TAMAN SRI LEDANG, 84900 TANGKAK, JOHOR"""
"image_096.jpg,MASDINI BIN BUJANG,1981-03-09,""NO 25, JALAN JELOK RIA 1, TAMAN JELOK RIA, 43000 KAJANG, SELANGOR"""
"image_097.jpg,RAMLAH BINTI MUSALMAN,1973-01-23,""NO 37, KAMPUNG BAWANG, 96250 MATU, SARAWAK"""
"image_098.jpg,NOR FADIDAH FADITAH BINTI MOHD NOR,1984-05-28,""LOT JA 8380 KM 26, JALAN BOYAK, MERLIMAU PANTAI, 77300 MERLIMAU, MELAKA"""
"image_099.jpg,MUHAMAD AMIRUL BIN ABD RAZAK,1996-03-07,""076, KAMPUNG PARIT SENTANG BATU, 83500 PARIT SULONG, JOHOR"""
"image_100.jpg,SITI MARIAM AULEYA BINTI ABDULLAH,2003-12-30,""NO 44, JALAN PERMATANG 21, TAMAN DESA JAYA, 81100 JOHOR BAHRU, JOHOR"""
"image_101.jpg,TUKIMIN BIN MURADI,1960-03-26,""NO B 81, JALAN ANGGERIK, FELDA TAIB ANDAK, 81000 KULAI, JOHOR"""
"image_102.jpg,NURHAFIFI BIN NORHISAM,2003-04-15,""NO 11, KAMPUNG PARIT EMBOK, 82100 AYER BALOI, JOHOR"""
"image_103.jpg,MALIK ARYAN BIN MUHAMMAD AMIRUL AMSYAR,2017-12-26,""BLOK J-4-27, JALAN PERDANA 4/1, TAMAN PUCHONG PERDANA, 47150 PUCHONG, SELANGOR"""
"image_104.jpg,VADIVAL A/L ARMMUGAM,1953-11-18,""NO 8, JLN SERI BANANG 1/KS2, DI JLN KG JAWA, 41000 KLANG, SELANGOR"""
"image_105.jpg,DEVAN,2003-04-13,""NO 332, JALAN TEMEKONG, BATU 10, 81300 SKUDAI, JOHOR"""
"image_106.jpg,MUHAMMAD REDZUAN BIN MOHD ZIN,1993-04-08,""NO 25, JALAN DESA 9/2, TAMAN DESA, 86000 KLUANG, JOHOR"""
"image_107.jpg,THEVAN SILEN A/L SUKMAR,1985-05-15,""NO 33, JALAN SS 8/15, TAMAN SRI SAUJANA, 81900 KOTA TINGGI, JOHOR"""
"image_108.jpg,NORLI BINTI JOHAN,1971-03-15,""NO 1227, FELDA AIR TAWAR 2, 81920 KOTA TINGGI, JOHOR"""
"image_109.jpg,HO WEI XIANG,1987-07-27,""NO 3, JALAN NILA 3, TAMAN PELANGI, 80400 JOHOR BAHRU, JOHOR"""
"image_110.jpg,KOK KAR HONG,1985-07-14,""NO 539, KAMPUNG BALI, 31750 TRONOH, PERAK"""
"image_111.jpg,MD SHAHRUL BIN ABD JALEL,1979-05-12,""NO 34, JALAN SIERRA PERDANA 1/4, TAMAN SIERRA PERDANA, 81750 MASAI, JOHOR"""
"image_112.jpg,KUMARAN A/L KARUPAYA,1996-07-03,""NO 120, JALAN MAKMUR 3, TAMAN DAMAI JAYA, 81300 SKUDAI, JOHOR"""
image_113.jpg,SILVA COSTA,1981-01-10,
image_114.jpg,SILVA COSTA,1981-01-10,
image_115.jpg,SILVA COSTA,1981-01-10,
image_116.jpg,SILVA COSTA,1981-01-10,
image_117.jpg,SILVA COSTA,1981-01-10,
image_118.jpg,SILVA COSTA,1981-01-10,
image_119.jpg,SILVA COSTA,1981-01-10,
image_120.jpg,SILVA COSTA,1981-01-10,
image_121.jpg,SILVA COSTA,1981-01-10,
image_122.jpg,SILVA COSTA,1981-01-10,
image_123.jpg,SILVA COSTA,1981-01-10,
image_124.jpg,SILVA COSTA,1981-01-10,
image_125.jpg,SILVA COSTA,1981-01-10,
image_126.jpg,SILVA COSTA,1981-01-10,
image_127.jpg,SILVA COSTA,1981-01-10,
image_128.jpg,SILVA COSTA,1981-01-10,
image_129.jpg,SILVA COSTA,1981-01-10,
image_130.jpg,SILVA COSTA,1981-01-10,
image_131.jpg,SILVA COSTA,1981-01-10,
image_132.jpg,SILVA COSTA,1981-01-10,
image_133.jpg,FREDEZ FIDAL,1982-02-21,
image_134.jpg,FREDEZ FIDAL,1982-02-21,
image_135.jpg,FREDEZ FIDAL,1982-02-21,
image_136.jpg,FREDEZ FIDAL,1982-02-21,
image_137.jpg,FREDEZ FIDAL,1982-02-21,
image_138.jpg,FREDEZ FIDAL,1982-02-21,
image_139.jpg,FREDEZ FIDAL,1982-02-21,
image_140.jpg,FREDEZ FIDAL,1982-02-21,
image_141.jpg,FREDEZ FIDAL,1982-02-21,
image_142.jpg,FREDEZ FIDAL,1982-02-21,
image_143.jpg,FREDEZ FIDAL,1982-02-21,
image_144.jpg,FREDEZ FIDAL,1982-02-21,
image_145.jpg,FREDEZ FIDAL,1982-02-21,
image_146.jpg,FREDEZ FIDAL,1982-02-21,
image_147.jpg,FREDEZ FIDAL,1982-02-21,
image_148.jpg,FREDEZ FIDAL,1982-02-21,
image_149.jpg,FREDEZ FIDAL,1982-02-21,
image_150.jpg,FREDEZ FIDAL,1982-02-21,
image_151.jpg,FREDEZ FIDAL,1982-02-21,
image_152.jpg,FREDEZ FIDAL,1982-02-21,
"image_153.jpg,""LAU, TSZ LAN"",1981-08-03,"
"image_154.jpg,""LAU, TSZ LAN"",1981-08-03,"
"image_155.jpg,""LAU, TSZ LAN"",1981-08-03,"
"image_156.jpg,""LAU, TSZ LAN"",1981-08-03,"
"image_157.jpg,""LAU, TSZ LAN"",1981-08-03,"
"image_158.jpg,""LAU, TSZ LAN"",1981-08-03,"
"image_159.jpg,""LAU, TSZ LAN"",1981-08-03,"
"image_160.jpg,""LAU, TSZ LAN"",1981-08-03,"
"image_161.jpg,""LAU, TSZ LAN"",1981-08-03,"
"image_162.jpg,""LAU, TSZ LAN"",1981-08-03,"
"image_163.jpg,""LAU, TSZ LAN"",1981-08-03,"
"image_164.jpg,""LAU, TSZ LAN"",1981-08-03,"
"image_165.jpg,""LAU, TSZ LAN"",1981-08-03,"
"image_166.jpg,""LAU, TSZ LAN"",1981-08-03,"
"image_167.jpg,""LAU, TSZ LAN"",1981-08-03,"
"image_168.jpg,""LAU, TSZ LAN"",1981-08-03,"
"image_169.jpg,""LAU, TSZ LAN"",1981-08-03,"
"image_170.jpg,""LAU, TSZ LAN"",1981-08-03,"
"image_171.jpg,""LAU, TSZ LAN"",1981-08-03,"
"image_172.jpg,""LAU, TSZ LAN"",1981-08-03,"
image_173.jpg,VZOR SPECIMEN,1981-10-08,
image_174.jpg,VZOR SPECIMEN,1981-10-08,
image_175.jpg,VZOR SPECIMEN,1981-10-08,
image_176.jpg,VZOR SPECIMEN,1981-10-08,
image_177.jpg,VZOR SPECIMEN,1981-10-08,
image_178.jpg,VZOR SPECIMEN,1981-10-08,
image_179.jpg,VZOR SPECIMEN,1981-10-08,
image_180.jpg,VZOR SPECIMEN,1981-10-08,
image_181.jpg,VZOR SPECIMEN,1981-10-08,
image_182.jpg,VZOR SPECIMEN,1981-10-08,
image_183.jpg,VZOR SPECIMEN,1981-10-08,
image_184.jpg,VZOR SPECIMEN,1981-10-08,
image_185.jpg,VZOR SPECIMEN,1981-10-08,
image_186.jpg,VZOR SPECIMEN,1981-10-08,
image_187.jpg,VZOR SPECIMEN,1981-10-08,
image_188.jpg,VZOR SPECIMEN,1981-10-08,
image_189.jpg,VZOR SPECIMEN,1981-10-08,
image_190.jpg,VZOR SPECIMEN,1981-10-08,
image_191.jpg,VZOR SPECIMEN,1981-10-08,
image_192.jpg,VZOR SPECIMEN,1981-10-08,
image_193.jpg,VZOR SPECIMEN,1969-06-22,
image_194.jpg,VZOR SPECIMEN,1969-06-22,
image_195.jpg,VZOR SPECIMEN,1969-06-22,
image_196.jpg,VZOR SPECIMEN,1969-06-22,
image_197.jpg,VZOR SPECIMEN,1969-06-22,
image_198.jpg,VZOR SPECIMEN,1969-06-22,
image_199.jpg,VZOR SPECIMEN,1969-06-22,
image_200.jpg,VZOR SPECIMEN,1969-06-22,
image_201.jpg,VZOR SPECIMEN,1969-06-22,
image_202.jpg,VZOR SPECIMEN,1969-06-22,
image_203.jpg,VZOR SPECIMEN,1969-06-22,
image_204.jpg,VZOR SPECIMEN,1969-06-22,
image_205.jpg,VZOR SPECIMEN,1969-06-22,
image_206.jpg,VZOR SPECIMEN,1969-06-22,
image_207.jpg,VZOR SPECIMEN,1969-06-22,
image_208.jpg,VZOR SPECIMEN,1969-06-22,
image_209.jpg,VZOR SPECIMEN,1969-06-22,
image_210.jpg,VZOR SPECIMEN,1969-06-22,
image_211.jpg,VZOR SPECIMEN,1969-06-22,
image_212.jpg,VZOR SPECIMEN,1969-06-22,
image_213.jpg,ERIKA MUSTERMANN,1964-08-12,
image_214.jpg,ERIKA MUSTERMANN,1964-08-12,
image_215.jpg,ERIKA MUSTERMANN,1964-08-12,
image_216.jpg,ERIKA MUSTERMANN,1964-08-12,
image_217.jpg,ERIKA MUSTERMANN,1964-08-12,
image_218.jpg,ERIKA MUSTERMANN,1964-08-12,
image_219.jpg,ERIKA MUSTERMANN,1964-08-12,
image_220.jpg,ERIKA MUSTERMANN,1964-08-12,
image_221.jpg,ERIKA MUSTERMANN,1964-08-12,
image_222.jpg,ERIKA MUSTERMANN,1964-08-12,
image_223.jpg,ERIKA MUSTERMANN,1964-08-12,
image_224.jpg,ERIKA MUSTERMANN,1964-08-12,
image_225.jpg,ERIKA MUSTERMANN,1964-08-12,
image_226.jpg,ERIKA MUSTERMANN,1964-08-12,
image_227.jpg,ERIKA MUSTERMANN,1964-08-12,
image_228.jpg,ERIKA MUSTERMANN,1964-08-12,
image_229.jpg,ERIKA MUSTERMANN,1964-08-12,
image_230.jpg,ERIKA MUSTERMANN,1964-08-12,
image_231.jpg,ERIKA MUSTERMANN,1964-08-12,
image_232.jpg,ERIKA MUSTERMANN,1964-08-12,
image_233.jpg,ANNE MUSTERMANN,1964-02-28,
image_234.jpg,ANNE MUSTERMANN,1964-02-28,
image_235.jpg,ANNE MUSTERMANN,1964-02-28,
image_236.jpg,ANNE MUSTERMANN,1964-02-28,
image_237.jpg,ANNE MUSTERMANN,1964-02-28,
image_238.jpg,ANNE MUSTERMANN,1964-02-28,
image_239.jpg,ANNE MUSTERMANN,1964-02-28,
image_240.jpg,ANNE MUSTERMANN,1964-02-28,
image_241.jpg,ANNE MUSTERMANN,1964-02-28,
image_242.jpg,ANNE MUSTERMANN,1964-02-28,
image_243.jpg,ANNE MUSTERMANN,1964-02-28,
image_244.jpg,ANNE MUSTERMANN,1964-02-28,
image_245.jpg,ANNE MUSTERMANN,1964-02-28,
image_246.jpg,ANNE MUSTERMANN,1964-02-28,
image_247.jpg,ANNE MUSTERMANN,1964-02-28,
image_248.jpg,ANNE MUSTERMANN,1964-02-28,
image_249.jpg,ANNE MUSTERMANN,1964-02-28,
image_250.jpg,ANNE MUSTERMANN,1964-02-28,
image_251.jpg,ANNE MUSTERMANN,1964-02-28,
image_252.jpg,ANNE MUSTERMANN,1964-02-28,
image_253.jpg,ERIKA MUSTERMANN,1964-08-12,
image_254.jpg,ERIKA MUSTERMANN,1964-08-12,
image_255.jpg,ERIKA MUSTERMANN,1964-08-12,
image_256.jpg,ERIKA MUSTERMANN,1964-08-12,
image_257.jpg,ERIKA MUSTERMANN,1964-08-12,
image_258.jpg,ERIKA MUSTERMANN,1964-08-12,
image_259.jpg,ERIKA MUSTERMANN,1964-08-12,
image_260.jpg,ERIKA MUSTERMANN,1964-08-12,
image_261.jpg,ERIKA MUSTERMANN,1964-08-12,
image_262.jpg,ERIKA MUSTERMANN,1964-08-12,
image_263.jpg,ERIKA MUSTERMANN,1964-08-12,
image_264.jpg,ERIKA MUSTERMANN,1964-08-12,
image_265.jpg,ERIKA MUSTERMANN,1964-08-12,
image_266.jpg,ERIKA MUSTERMANN,1964-08-12,
image_267.jpg,ERIKA MUSTERMANN,1964-08-12,
image_268.jpg,ERIKA MUSTERMANN,1964-08-12,
image_269.jpg,ERIKA MUSTERMANN,1964-08-12,
image_270.jpg,ERIKA MUSTERMANN,1964-08-12,
image_271.jpg,ERIKA MUSTERMANN,1964-08-12,
image_272.jpg,ERIKA MUSTERMANN,1964-08-12,
image_273.jpg,ABDELLAH SLIMANI,1983,
image_274.jpg,ABDELLAH SLIMANI,1983,
image_275.jpg,ABDELLAH SLIMANI,1983,
image_276.jpg,ABDELLAH SLIMANI,1983,
image_277.jpg,ABDELLAH SLIMANI,1983,
image_278.jpg,ABDELLAH SLIMANI,1983,
image_279.jpg,ABDELLAH SLIMANI,1983,
image_280.jpg,ABDELLAH SLIMANI,1983,
image_281.jpg,ABDELLAH SLIMANI,1983,
image_282.jpg,ABDELLAH SLIMANI,1983,
image_283.jpg,ABDELLAH SLIMANI,1983,
image_284.jpg,ABDELLAH SLIMANI,1983,
image_285.jpg,ABDELLAH SLIMANI,1983,
image_286.jpg,ABDELLAH SLIMANI,1983,
image_287.jpg,ABDELLAH SLIMANI,1983,
image_288.jpg,ABDELLAH SLIMANI,1983,
image_289.jpg,ABDELLAH SLIMANI,1983,
image_290.jpg,ABDELLAH SLIMANI,1983,
image_291.jpg,ABDELLAH SLIMANI,1983,
image_292.jpg,ABDELLAH SLIMANI,1983,
image_293.jpg,CARMEN ESPAÑOLA ESPAÑOLA,1980-01-01,
image_294.jpg,CARMEN ESPAÑOLA ESPAÑOLA,1980-01-01,
image_295.jpg,CARMEN ESPAÑOLA ESPAÑOLA,1980-01-01,
image_296.jpg,CARMEN ESPAÑOLA ESPAÑOLA,1980-01-01,
image_297.jpg,CARMEN ESPAÑOLA ESPAÑOLA,1980-01-01,
image_298.jpg,CARMEN ESPAÑOLA ESPAÑOLA,1980-01-01,
image_299.jpg,CARMEN ESPAÑOLA ESPAÑOLA,1980-01-01,
image_300.jpg,CARMEN ESPAÑOLA ESPAÑOLA,1980-01-01,
image_301.jpg,CARMEN ESPAÑOLA ESPAÑOLA,1980-01-01,
image_302.jpg,CARMEN ESPAÑOLA ESPAÑOLA,1980-01-01,
image_303.jpg,CARMEN ESPAÑOLA ESPAÑOLA,1980-01-01,
image_304.jpg,CARMEN ESPAÑOLA ESPAÑOLA,1980-01-01,
image_305.jpg,CARMEN ESPAÑOLA ESPAÑOLA,1980-01-01,
image_306.jpg,CARMEN ESPAÑOLA ESPAÑOLA,1980-01-01,
image_307.jpg,CARMEN ESPAÑOLA ESPAÑOLA,1980-01-01,
image_308.jpg,CARMEN ESPAÑOLA ESPAÑOLA,1980-01-01,
image_309.jpg,CARMEN ESPAÑOLA ESPAÑOLA,1980-01-01,
image_310.jpg,CARMEN ESPAÑOLA ESPAÑOLA,1980-01-01,
image_311.jpg,CARMEN ESPAÑOLA ESPAÑOLA,1980-01-01,
image_312.jpg,CARMEN ESPAÑOLA ESPAÑOLA,1980-01-01,
image_313.jpg,MERI ANNA AURORA,1995-01-19,
image_314.jpg,MERI ANNA AURORA,1995-01-19,
image_315.jpg,MERI ANNA AURORA,1995-01-19,
image_316.jpg,MERI ANNA AURORA,1995-01-19,
image_317.jpg,MERI ANNA AURORA,1995-01-19,
image_318.jpg,MERI ANNA AURORA,1995-01-19,
image_319.jpg,MERI ANNA AURORA,1995-01-19,
image_320.jpg,MERI ANNA AURORA,1995-01-19,
image_321.jpg,MERI ANNA AURORA,1995-01-19,
image_322.jpg,MERI ANNA AURORA,1995-01-19,
image_323.jpg,MERI ANNA AURORA,1995-01-19,
image_324.jpg,MERI ANNA AURORA,1995-01-19,
image_325.jpg,MERI ANNA AURORA,1995-01-19,
image_326.jpg,MERI ANNA AURORA,1995-01-19,
image_327.jpg,MERI ANNA AURORA,1995-01-19,
image_328.jpg,MERI ANNA AURORA,1995-01-19,
image_329.jpg,MERI ANNA AURORA,1995-01-19,
image_330.jpg,MERI ANNA AURORA,1995-01-19,
image_331.jpg,MERI ANNA AURORA,1995-01-19,
image_332.jpg,MERI ANNA AURORA,1995-01-19,
image_333.jpg,MATTI MATKAILIJA,1950-01-01,
image_334.jpg,MATTI MATKAILIJA,1950-01-01,
image_335.jpg,MATTI MATKAILIJA,1950-01-01,
image_336.jpg,MATTI MATKAILIJA,1950-01-01,
image_337.jpg,MATTI MATKAILIJA,1950-01-01,
image_338.jpg,MATTI MATKAILIJA,1950-01-01,
image_339.jpg,MATTI MATKAILIJA,1950-01-01,
image_340.jpg,MATTI MATKAILIJA,1950-01-01,
image_341.jpg,MATTI MATKAILIJA,1950-01-01,
image_342.jpg,MATTI MATKAILIJA,1950-01-01,
image_343.jpg,MATTI MATKAILIJA,1950-01-01,
image_344.jpg,MATTI MATKAILIJA,1950-01-01,
image_345.jpg,MATTI MATKAILIJA,1950-01-01,
image_346.jpg,MATTI MATKAILIJA,1950-01-01,
image_347.jpg,MATTI MATKAILIJA,1950-01-01,
image_348.jpg,MATTI MATKAILIJA,1950-01-01,
image_349.jpg,MATTI MATKAILIJA,1950-01-01,
image_350.jpg,MATTI MATKAILIJA,1950-01-01,
image_351.jpg,MATTI MATKAILIJA,1950-01-01,
image_352.jpg,MATTI MATKAILIJA,1950-01-01,
image_353.jpg,GEORGIOS ELLINAS,1965-04-04,
image_354.jpg,GEORGIOS ELLINAS,1965-04-04,
image_355.jpg,GEORGIOS ELLINAS,1965-04-04,
image_356.jpg,GEORGIOS ELLINAS,1965-04-04,
image_357.jpg,GEORGIOS ELLINAS,1965-04-04,
image_358.jpg,GEORGIOS ELLINAS,1965-04-04,
image_359.jpg,GEORGIOS ELLINAS,1965-04-04,
image_360.jpg,GEORGIOS ELLINAS,1965-04-04,
image_361.jpg,GEORGIOS ELLINAS,1965-04-04,
image_362.jpg,GEORGIOS ELLINAS,1965-04-04,
image_363.jpg,GEORGIOS ELLINAS,1965-04-04,
image_364.jpg,GEORGIOS ELLINAS,1965-04-04,
image_365.jpg,GEORGIOS ELLINAS,1965-04-04,
image_366.jpg,GEORGIOS ELLINAS,1965-04-04,
image_367.jpg,GEORGIOS ELLINAS,1965-04-04,
image_368.jpg,GEORGIOS ELLINAS,1965-04-04,
image_369.jpg,GEORGIOS ELLINAS,1965-04-04,
image_370.jpg,GEORGIOS ELLINAS,1965-04-04,
image_371.jpg,GEORGIOS ELLINAS,1965-04-04,
image_372.jpg,GEORGIOS ELLINAS,1965-04-04,
image_373.jpg,SPECIMEN UZORAK,1977-01-01,
image_374.jpg,SPECIMEN UZORAK,1977-01-01,
image_375.jpg,SPECIMEN UZORAK,1977-01-01,
image_376.jpg,SPECIMEN UZORAK,1977-01-01,
image_377.jpg,SPECIMEN UZORAK,1977-01-01,
image_378.jpg,SPECIMEN UZORAK,1977-01-01,
image_379.jpg,SPECIMEN UZORAK,1977-01-01,
image_380.jpg,SPECIMEN UZORAK,1977-01-01,
image_381.jpg,SPECIMEN UZORAK,1977-01-01,
image_382.jpg,SPECIMEN UZORAK,1977-01-01,
image_383.jpg,SPECIMEN UZORAK,1977-01-01,
image_384.jpg,SPECIMEN UZORAK,1977-01-01,
image_385.jpg,SPECIMEN UZORAK,1977-01-01,
image_386.jpg,SPECIMEN UZORAK,1977-01-01,
image_387.jpg,SPECIMEN UZORAK,1977-01-01,
image_388.jpg,SPECIMEN UZORAK,1977-01-01,
image_389.jpg,SPECIMEN UZORAK,1977-01-01,
image_390.jpg,SPECIMEN UZORAK,1977-01-01,
image_391.jpg,SPECIMEN UZORAK,1977-01-01,
image_392.jpg,SPECIMEN UZORAK,1977-01-01,
image_393.jpg,SPECIMEN SPECIMEN,1982-12-25,
image_394.jpg,SPECIMEN SPECIMEN,1982-12-25,
image_395.jpg,SPECIMEN SPECIMEN,1982-12-25,
image_396.jpg,SPECIMEN SPECIMEN,1982-12-25,
image_397.jpg,SPECIMEN SPECIMEN,1982-12-25,
image_398.jpg,SPECIMEN SPECIMEN,1982-12-25,
image_399.jpg,SPECIMEN SPECIMEN,1982-12-25,
image_400.jpg,SPECIMEN SPECIMEN,1982-12-25,
image_401.jpg,SPECIMEN SPECIMEN,1982-12-25,
image_402.jpg,SPECIMEN SPECIMEN,1982-12-25,
image_403.jpg,SPECIMEN SPECIMEN,1982-12-25,
image_404.jpg,SPECIMEN SPECIMEN,1982-12-25,
image_405.jpg,SPECIMEN SPECIMEN,1982-12-25,
image_406.jpg,SPECIMEN SPECIMEN,1982-12-25,
image_407.jpg,SPECIMEN SPECIMEN,1982-12-25,
image_408.jpg,SPECIMEN SPECIMEN,1982-12-25,
image_409.jpg,SPECIMEN SPECIMEN,1982-12-25,
image_410.jpg,SPECIMEN SPECIMEN,1982-12-25,
image_411.jpg,SPECIMEN SPECIMEN,1982-12-25,
image_412.jpg,SPECIMEN SPECIMEN,1982-12-25,
image_413.jpg,HANDRA ROZALIA IRMA,1978-02-22,
image_414.jpg,HANDRA ROZALIA IRMA,1978-02-22,
image_415.jpg,HANDRA ROZALIA IRMA,1978-02-22,
image_416.jpg,HANDRA ROZALIA IRMA,1978-02-22,
image_417.jpg,HANDRA ROZALIA IRMA,1978-02-22,
image_418.jpg,HANDRA ROZALIA IRMA,1978-02-22,
image_419.jpg,HANDRA ROZALIA IRMA,1978-02-22,
image_420.jpg,HANDRA ROZALIA IRMA,1978-02-22,
image_421.jpg,HANDRA ROZALIA IRMA,1978-02-22,
image_422.jpg,HANDRA ROZALIA IRMA,1978-02-22,
image_423.jpg,HANDRA ROZALIA IRMA,1978-02-22,
image_424.jpg,HANDRA ROZALIA IRMA,1978-02-22,
image_425.jpg,HANDRA ROZALIA IRMA,1978-02-22,
image_426.jpg,HANDRA ROZALIA IRMA,1978-02-22,
image_427.jpg,HANDRA ROZALIA IRMA,1978-02-22,
image_428.jpg,HANDRA ROZALIA IRMA,1978-02-22,
image_429.jpg,HANDRA ROZALIA IRMA,1978-02-22,
image_430.jpg,HANDRA ROZALIA IRMA,1978-02-22,
image_431.jpg,HANDRA ROZALIA IRMA,1978-02-22,
image_432.jpg,HANDRA ROZALIA IRMA,1978-02-22,
image_433.jpg,MARIA ROSSI,1965-01-01,
image_434.jpg,MARIA ROSSI,1965-01-01,
image_435.jpg,MARIA ROSSI,1965-01-01,
image_436.jpg,MARIA ROSSI,1965-01-01,
image_437.jpg,MARIA ROSSI,1965-01-01,
image_438.jpg,MARIA ROSSI,1965-01-01,
image_439.jpg,MARIA ROSSI,1965-01-01,
image_440.jpg,MARIA ROSSI,1965-01-01,
image_441.jpg,MARIA ROSSI,1965-01-01,
image_442.jpg,MARIA ROSSI,1965-01-01,
image_443.jpg,MARIA ROSSI,1965-01-01,
image_444.jpg,MARIA ROSSI,1965-01-01,
image_445.jpg,MARIA ROSSI,1965-01-01,
image_446.jpg,MARIA ROSSI,1965-01-01,
image_447.jpg,MARIA ROSSI,1965-01-01,
image_448.jpg,MARIA ROSSI,1965-01-01,
image_449.jpg,MARIA ROSSI,1965-01-01,
image_450.jpg,MARIA ROSSI,1965-01-01,
image_451.jpg,MARIA ROSSI,1965-01-01,
image_452.jpg,MARIA ROSSI,1965-01-01,
image_453.jpg,LIENE MĀRA OZOLKALNA,1986-12-01,
image_454.jpg,LIENE MĀRA OZOLKALNA,1986-12-01,
image_455.jpg,LIENE MĀRA OZOLKALNA,1986-12-01,
image_456.jpg,LIENE MĀRA OZOLKALNA,1986-12-01,
image_457.jpg,LIENE MĀRA OZOLKALNA,1986-12-01,
image_458.jpg,LIENE MĀRA OZOLKALNA,1986-12-01,
image_459.jpg,LIENE MĀRA OZOLKALNA,1986-12-01,
image_460.jpg,LIENE MĀRA OZOLKALNA,1986-12-01,
image_461.jpg,LIENE MĀRA OZOLKALNA,1986-12-01,
image_462.jpg,LIENE MĀRA OZOLKALNA,1986-12-01,
image_463.jpg,LIENE MĀRA OZOLKALNA,1986-12-01,
image_464.jpg,LIENE MĀRA OZOLKALNA,1986-12-01,
image_465.jpg,LIENE MĀRA OZOLKALNA,1986-12-01,
image_466.jpg,LIENE MĀRA OZOLKALNA,1986-12-01,
image_467.jpg,LIENE MĀRA OZOLKALNA,1986-12-01,
image_468.jpg,LIENE MĀRA OZOLKALNA,1986-12-01,
image_469.jpg,LIENE MĀRA OZOLKALNA,1986-12-01,
image_470.jpg,LIENE MĀRA OZOLKALNA,1986-12-01,
image_471.jpg,LIENE MĀRA OZOLKALNA,1986-12-01,
image_472.jpg,LIENE MĀRA OZOLKALNA,1986-12-01,
image_473.jpg,KWOK CHEONG MING RICHARD,1960-12-03,
image_474.jpg,KWOK CHEONG MING RICHARD,1960-12-03,
image_475.jpg,KWOK CHEONG MING RICHARD,1960-12-03,
image_476.jpg,KWOK CHEONG MING RICHARD,1960-12-03,
image_477.jpg,KWOK CHEONG MING RICHARD,1960-12-03,
image_478.jpg,KWOK CHEONG MING RICHARD,1960-12-03,
image_479.jpg,KWOK CHEONG MING RICHARD,1960-12-03,
image_480.jpg,KWOK CHEONG MING RICHARD,1960-12-03,
image_481.jpg,KWOK CHEONG MING RICHARD,1960-12-03,
image_482.jpg,KWOK CHEONG MING RICHARD,1960-12-03,
image_483.jpg,KWOK CHEONG MING RICHARD,1960-12-03,
image_484.jpg,KWOK CHEONG MING RICHARD,1960-12-03,
image_485.jpg,KWOK CHEONG MING RICHARD,1960-12-03,
image_486.jpg,KWOK CHEONG MING RICHARD,1960-12-03,
image_487.jpg,KWOK CHEONG MING RICHARD,1960-12-03,
image_488.jpg,KWOK CHEONG MING RICHARD,1960-12-03,
image_489.jpg,KWOK CHEONG MING RICHARD,1960-12-03,
image_490.jpg,KWOK CHEONG MING RICHARD,1960-12-03,
image_491.jpg,KWOK CHEONG MING RICHARD,1960-12-03,
image_492.jpg,KWOK CHEONG MING RICHARD,1960-12-03,
image_493.jpg,RITA CIOBANAȘ,1981-07-17,
image_494.jpg,RITA CIOBANAȘ,1981-07-17,
image_495.jpg,RITA CIOBANAȘ,1981-07-17,
image_496.jpg,RITA CIOBANAȘ,1981-07-17,
image_497.jpg,RITA CIOBANAȘ,1981-07-17,
image_498.jpg,RITA CIOBANAȘ,1981-07-17,
image_499.jpg,RITA CIOBANAȘ,1981-07-17,
image_500.jpg,RITA CIOBANAȘ,1981-07-17,
image_501.jpg,RITA CIOBANAȘ,1981-07-17,
image_502.jpg,RITA CIOBANAȘ,1981-07-17,
image_503.jpg,RITA CIOBANAȘ,1981-07-17,
image_504.jpg,RITA CIOBANAȘ,1981-07-17,
image_505.jpg,RITA CIOBANAȘ,1981-07-17,
image_506.jpg,RITA CIOBANAȘ,1981-07-17,
image_507.jpg,RITA CIOBANAȘ,1981-07-17,
image_508.jpg,RITA CIOBANAȘ,1981-07-17,
image_509.jpg,RITA CIOBANAȘ,1981-07-17,
image_510.jpg,RITA CIOBANAȘ,1981-07-17,
image_511.jpg,RITA CIOBANAȘ,1981-07-17,
image_512.jpg,RITA CIOBANAȘ,1981-07-17,
image_513.jpg,HANS-PETTER FJELD,1985-07-07,
image_514.jpg,HANS-PETTER FJELD,1985-07-07,
image_515.jpg,HANS-PETTER FJELD,1985-07-07,
image_516.jpg,HANS-PETTER FJELD,1985-07-07,
image_517.jpg,HANS-PETTER FJELD,1985-07-07,
image_518.jpg,HANS-PETTER FJELD,1985-07-07,
image_519.jpg,HANS-PETTER FJELD,1985-07-07,
image_520.jpg,HANS-PETTER FJELD,1985-07-07,
image_521.jpg,HANS-PETTER FJELD,1985-07-07,
image_522.jpg,HANS-PETTER FJELD,1985-07-07,
image_523.jpg,HANS-PETTER FJELD,1985-07-07,
image_524.jpg,HANS-PETTER FJELD,1985-07-07,
image_525.jpg,HANS-PETTER FJELD,1985-07-07,
image_526.jpg,HANS-PETTER FJELD,1985-07-07,
image_527.jpg,HANS-PETTER FJELD,1985-07-07,
image_528.jpg,HANS-PETTER FJELD,1985-07-07,
image_529.jpg,HANS-PETTER FJELD,1985-07-07,
image_530.jpg,HANS-PETTER FJELD,1985-07-07,
image_531.jpg,HANS-PETTER FJELD,1985-07-07,
image_532.jpg,HANS-PETTER FJELD,1985-07-07,
image_533.jpg,JUSTYNA AGNIESZKA KRAWCZYK-NOWAK,1971-05-12,
image_534.jpg,JUSTYNA AGNIESZKA KRAWCZYK-NOWAK,1971-05-13,
image_535.jpg,JUSTYNA AGNIESZKA KRAWCZYK-NOWAK,1971-05-14,
image_536.jpg,JUSTYNA AGNIESZKA KRAWCZYK-NOWAK,1971-05-15,
image_537.jpg,JUSTYNA AGNIESZKA KRAWCZYK-NOWAK,1971-05-16,
image_538.jpg,JUSTYNA AGNIESZKA KRAWCZYK-NOWAK,1971-05-17,
image_539.jpg,JUSTYNA AGNIESZKA KRAWCZYK-NOWAK,1971-05-18,
image_540.jpg,JUSTYNA AGNIESZKA KRAWCZYK-NOWAK,1971-05-19,
image_541.jpg,JUSTYNA AGNIESZKA KRAWCZYK-NOWAK,1971-05-20,
image_542.jpg,JUSTYNA AGNIESZKA KRAWCZYK-NOWAK,1971-05-21,
image_543.jpg,JUSTYNA AGNIESZKA KRAWCZYK-NOWAK,1971-05-22,
image_544.jpg,JUSTYNA AGNIESZKA KRAWCZYK-NOWAK,1971-05-23,
image_545.jpg,JUSTYNA AGNIESZKA KRAWCZYK-NOWAK,1971-05-24,
image_546.jpg,JUSTYNA AGNIESZKA KRAWCZYK-NOWAK,1971-05-25,
image_547.jpg,JUSTYNA AGNIESZKA KRAWCZYK-NOWAK,1971-05-26,
image_548.jpg,JUSTYNA AGNIESZKA KRAWCZYK-NOWAK,1971-05-27,
image_549.jpg,JUSTYNA AGNIESZKA KRAWCZYK-NOWAK,1971-05-28,
image_550.jpg,JUSTYNA AGNIESZKA KRAWCZYK-NOWAK,1971-05-29,
image_551.jpg,JUSTYNA AGNIESZKA KRAWCZYK-NOWAK,1971-05-30,
image_552.jpg,JUSTYNA AGNIESZKA KRAWCZYK-NOWAK,1971-05-31,
image_553.jpg,PAULA ANDREIA DA CONCEIÇÃO ÁVILA,1981-08-10,
image_554.jpg,PAULA ANDREIA DA CONCEIÇÃO ÁVILA,1981-08-10,
image_555.jpg,PAULA ANDREIA DA CONCEIÇÃO ÁVILA,1981-08-10,
image_556.jpg,PAULA ANDREIA DA CONCEIÇÃO ÁVILA,1981-08-10,
image_557.jpg,PAULA ANDREIA DA CONCEIÇÃO ÁVILA,1981-08-10,
image_558.jpg,PAULA ANDREIA DA CONCEIÇÃO ÁVILA,1981-08-10,
image_559.jpg,PAULA ANDREIA DA CONCEIÇÃO ÁVILA,1981-08-10,
image_560.jpg,PAULA ANDREIA DA CONCEIÇÃO ÁVILA,1981-08-10,
image_561.jpg,PAULA ANDREIA DA CONCEIÇÃO ÁVILA,1981-08-10,
image_562.jpg,PAULA ANDREIA DA CONCEIÇÃO ÁVILA,1981-08-10,
image_563.jpg,PAULA ANDREIA DA CONCEIÇÃO ÁVILA,1981-08-10,
image_564.jpg,PAULA ANDREIA DA CONCEIÇÃO ÁVILA,1981-08-10,
image_565.jpg,PAULA ANDREIA DA CONCEIÇÃO ÁVILA,1981-08-10,
image_566.jpg,PAULA ANDREIA DA CONCEIÇÃO ÁVILA,1981-08-10,
image_567.jpg,PAULA ANDREIA DA CONCEIÇÃO ÁVILA,1981-08-10,
image_568.jpg,PAULA ANDREIA DA CONCEIÇÃO ÁVILA,1981-08-10,
image_569.jpg,PAULA ANDREIA DA CONCEIÇÃO ÁVILA,1981-08-10,
image_570.jpg,PAULA ANDREIA DA CONCEIÇÃO ÁVILA,1981-08-10,
image_571.jpg,PAULA ANDREIA DA CONCEIÇÃO ÁVILA,1981-08-10,
image_572.jpg,PAULA ANDREIA DA CONCEIÇÃO ÁVILA,1981-08-10,
image_573.jpg,HAKAN ACAR,1975-05-22,
image_574.jpg,HAKAN ACAR,1975-05-22,
image_575.jpg,HAKAN ACAR,1975-05-22,
image_576.jpg,HAKAN ACAR,1975-05-22,
image_577.jpg,HAKAN ACAR,1975-05-22,
image_578.jpg,HAKAN ACAR,1975-05-22,
image_579.jpg,HAKAN ACAR,1975-05-22,
image_580.jpg,HAKAN ACAR,1975-05-22,
image_581.jpg,HAKAN ACAR,1975-05-22,
image_582.jpg,HAKAN ACAR,1975-05-22,
image_583.jpg,HAKAN ACAR,1975-05-22,
image_584.jpg,HAKAN ACAR,1975-05-22,
image_585.jpg,HAKAN ACAR,1975-05-22,
image_586.jpg,HAKAN ACAR,1975-05-22,
image_587.jpg,HAKAN ACAR,1975-05-22,
image_588.jpg,HAKAN ACAR,1975-05-22,
image_589.jpg,HAKAN ACAR,1975-05-22,
image_590.jpg,HAKAN ACAR,1975-05-22,
image_591.jpg,HAKAN ACAR,1975-05-22,
image_592.jpg,HAKAN ACAR,1975-05-22,
image_593.jpg,MARIANA TKACHENKO,1991-08-24,
image_594.jpg,MARIANA TKACHENKO,1991-08-24,
image_595.jpg,MARIANA TKACHENKO,1991-08-24,
image_596.jpg,MARIANA TKACHENKO,1991-08-24,
image_597.jpg,MARIANA TKACHENKO,1991-08-24,
image_598.jpg,MARIANA TKACHENKO,1991-08-24,
image_599.jpg,MARIANA TKACHENKO,1991-08-24,
image_600.jpg,MARIANA TKACHENKO,1991-08-24,
image_601.jpg,MARIANA TKACHENKO,1991-08-24,
image_602.jpg,MARIANA TKACHENKO,1991-08-24,
image_603.jpg,MARIANA TKACHENKO,1991-08-24,
image_604.jpg,MARIANA TKACHENKO,1991-08-24,
image_605.jpg,MARIANA TKACHENKO,1991-08-24,
image_606.jpg,MARIANA TKACHENKO,1991-08-24,
image_607.jpg,MARIANA TKACHENKO,1991-08-24,
image_608.jpg,MARIANA TKACHENKO,1991-08-24,
image_609.jpg,MARIANA TKACHENKO,1991-08-24,
image_610.jpg,MARIANA TKACHENKO,1991-08-24,
image_611.jpg,MARIANA TKACHENKO,1991-08-24,
image_612.jpg,MARIANA TKACHENKO,1991-08-24,
image_613.jpg,MARIANA TKACHENKO,1991-08-24,
image_614.jpg,MARIANA TKACHENKO,1991-08-24,
image_615.jpg,MARIANA TKACHENKO,1991-08-24,
image_616.jpg,MARIANA TKACHENKO,1991-08-24,
image_617.jpg,MARIANA TKACHENKO,1991-08-24,
image_618.jpg,MARIANA TKACHENKO,1991-08-24,
image_619.jpg,MARIANA TKACHENKO,1991-08-24,
image_620.jpg,MARIANA TKACHENKO,1991-08-24,
image_621.jpg,MARIANA TKACHENKO,1991-08-24,
image_622.jpg,MARIANA TKACHENKO,1991-08-24,
image_623.jpg,MARIANA TKACHENKO,1991-08-24,
image_624.jpg,MARIANA TKACHENKO,1991-08-24,
image_625.jpg,MARIANA TKACHENKO,1991-08-24,
image_626.jpg,MARIANA TKACHENKO,1991-08-24,
image_627.jpg,MARIANA TKACHENKO,1991-08-24,
image_628.jpg,MARIANA TKACHENKO,1991-08-24,
image_629.jpg,MARIANA TKACHENKO,1991-08-24,
image_630.jpg,MARIANA TKACHENKO,1991-08-24,
image_631.jpg,MARIANA TKACHENKO,1991-08-24,
image_632.jpg,MARIANA TKACHENKO,1991-08-24,
